LOVE,0.4196769893169403,0.6120522618293762,1.9215484314827336e-07,0.4446888267993927,0.630678117275238,-0.0006819723639637232,0.46977829933166504,0.635340690612793,-0.001696113497018814,0.49183183908462524,0.6493114233016968,-0.005468725226819515,0.5080804824829102,0.668786346912384,-0.009293687529861927,0.48116567730903625,0.5620175004005432,0.017584457993507385,0.5001691579818726,0.5391320586204529,0.016167711466550827,0.5120116472244263,0.5370995998382568,0.011452043429017067,0.5196325778961182,0.5423752665519714,0.007902154698967934,0.47611650824546814,0.546623170375824,0.012484639883041382,0.4981476664543152,0.5211415886878967,0.009926699101924896,0.5106317400932312,0.5227945446968079,0.0038075284101068974,0.5178658962249756,0.534530758857727,2.8664593628491275e-05,0.4698183834552765,0.5323542952537537,0.005299455486238003,0.4923258423805237,0.5062395334243774,0.0016924433875828981,0.5068008899688721,0.5105794072151184,-0.0028867649380117655,0.5161082744598389,0.5245611071586609,-0.005310531239956617,0.46263885498046875,0.5213304758071899,-0.0027132548857480288,0.4840715527534485,0.5047364234924316,-0.006016844883561134,0.4985300302505493,0.506800651550293,-0.007826980203390121,0.5101686716079712,0.5170205235481262,-0.008631433360278606,0.6205242276191711,0.6443549394607544,1.7756689452141927e-09,0.5922686457633972,0.655890703201294,-0.0040528434328734875,0.560989260673523,0.6522270441055298,-0.00801821332424879,0.5369155406951904,0.6608954668045044,-0.013925503939390182,0.5194052457809448,0.6784643530845642,-0.01897486299276352,0.5594220757484436,0.5686818957328796,0.00894225761294365,0.5414291024208069,0.530986487865448,0.00100385129917413,0.5262671709060669,0.5299100279808044,-0.007731106132268906,0.5150665640830994,0.5421785712242126,-0.012816129252314568,0.5668326616287231,0.5552002787590027,0.004770723171532154,0.5474144816398621,0.5121671557426453,-0.0023665183689445257,0.530057966709137,0.5162586569786072,-0.008928114548325539,0.5192853808403015,0.5341346859931946,-0.01213505957275629,0.575127899646759,0.5467405319213867,-0.0018429930787533522,0.5553831458091736,0.5062583088874817,-0.007789516355842352,0.5370118021965027,0.5107203125953674,-0.011595367453992367,0.5252920985221863,0.5271453857421875,-0.012603254988789558,0.5838541388511658,0.5422223806381226,-0.009499303996562958,0.5666128993034363,0.509638786315918,-0.0131445387378335,0.5500608086585999,0.5059861540794373,-0.014669280499219894,0.5374404191970825,0.5135974287986755,-0.014901570044457912
LOVE,0.42663025856018066,0.6208378076553345,1.9565821673950268e-07,0.45310842990875244,0.6399193406105042,0.0049062264151871204,0.4777844250202179,0.6454219818115234,0.005275786388665438,0.4990740120410919,0.6611610651016235,0.0011388376588001847,0.5157945156097412,0.681748628616333,-0.0034733526408672333,0.48829028010368347,0.5737662315368652,0.026120023801922798,0.5067975521087646,0.551257848739624,0.026513883844017982,0.5180866718292236,0.5507447123527527,0.022319020703434944,0.5243148803710938,0.5577821135520935,0.0189009178429842,0.48328372836112976,0.5582374334335327,0.017277752980589867,0.5050448179244995,0.5326425433158875,0.016325198113918304,0.5173842906951904,0.5347751975059509,0.010096500627696514,0.5234234929084778,0.5481041073799133,0.0059822360053658485,0.47738224267959595,0.5432913899421692,0.006382759194821119,0.49985241889953613,0.517427384853363,0.0040415190160274506,0.514626681804657,0.5225160717964172,-0.0005380214424803853,0.5231403112411499,0.5378583073616028,-0.0033752419985830784,0.47086676955223083,0.5322607159614563,-0.005065226461738348,0.49248769879341125,0.5159364342689514,-0.007850767113268375,0.5070445537567139,0.5191981196403503,-0.009607629850506783,0.5181277990341187,0.5314344763755798,-0.010607577860355377,0.6299673914909363,0.6498799324035645,1.7659253614965564e-08,0.592573881149292,0.6617445945739746,0.01939466781914234,0.5659756064414978,0.661820650100708,0.027031533420085907,0.5449976921081543,0.6698960065841675,0.02653644047677517,0.5256094932556152,0.685012936592102,0.024864643812179565,0.5671871900558472,0.5813198089599609,0.04857932776212692,0.5482114553451538,0.5531444549560547,0.05228114873170853,0.5339871048927307,0.547799825668335,0.04711431637406349,0.5225099325180054,0.5548309087753296,0.042207203805446625,0.573772668838501,0.5678895115852356,0.03188105672597885,0.5518695116043091,0.532735288143158,0.03310709819197655,0.5338284373283386,0.5311194658279419,0.023405950516462326,0.5231860280036926,0.5470397472381592,0.01621612347662449,0.5797101855278015,0.5585770010948181,0.01337536983191967,0.5583471655845642,0.5228760838508606,0.012863513082265854,0.5394017100334167,0.5266191363334656,0.00611718837171793,0.5275720357894897,0.5450409650802612,0.0015022843144834042,0.5851891040802002,0.5517066121101379,-0.004609096795320511,0.5668116211891174,0.5204188227653503,-0.00614972272887826,0.5497838854789734,0.5212070345878601,-0.008866454474627972,0.5366306304931641,0.5326559543609619,-0.011118562892079353
LOVE,0.5324857234954834,0.6671112775802612,2.718404630286386e-07,0.5676583647727966,0.6928831338882446,0.02302534319460392,0.5905314087867737,0.6963751316070557,0.036165062338113785,0.6089951992034912,0.709404706954956,0.04033403471112251,0.6261138916015625,0.7204821109771729,0.04314770922064781,0.589542806148529,0.6133304834365845,0.06614328175783157,0.6092210412025452,0.598732590675354,0.0808057114481926,0.6256899237632751,0.5970197916030884,0.08277612924575806,0.6380791664123535,0.6002998948097229,0.08133214712142944,0.5868534445762634,0.5990833044052124,0.0496036596596241,0.6109526753425598,0.580437958240509,0.060444168746471405,0.6306952238082886,0.5820886492729187,0.05402308329939842,0.6446548104286194,0.5937496423721313,0.04744777828454971,0.5851833820343018,0.5867061614990234,0.030718134716153145,0.6099271774291992,0.5734962821006775,0.035770393908023834,0.6305405497550964,0.5840555429458618,0.026191163808107376,0.6441361904144287,0.5989184379577637,0.01773267239332199,0.5846863985061646,0.5784557461738586,0.01247729454189539,0.6084898114204407,0.5747090578079224,0.012307105585932732,0.6249672174453735,0.5854124426841736,0.0061655533500015736,0.6376798748970032,0.5992640852928162,0.0002656762080732733,0.0,0.0,0.0,0.0,0.0,0.0,0.0,0.0,0.0,0.0,0.0,0.0,0.0,0.0,0.0,0.0,0.0,0.0,0.0,0.0,0.0,0.0,0.0,0.0,0.0,0.0,0.0,0.0,0.0,0.0,0.0,0.0,0.0,0.0,0.0,0.0,0.0,0.0,0.0,0.0,0.0,0.0,0.0,0.0,0.0,0.0,0.0,0.0,0.0,0.0,0.0,0.0,0.0,0.0,0.0,0.0,0.0,0.0,0.0,0.0,0.0,0.0,0.0
LOVE,0.5161411762237549,0.6950916647911072,2.200270188268405e-07,0.5448295474052429,0.7153583765029907,0.020660510286688805,0.5659805536270142,0.7110903263092041,0.030518952757120132,0.5861178636550903,0.7204583883285522,0.03191294148564339,0.6036952137947083,0.7298012375831604,0.031876254826784134,0.5651212334632874,0.6346892714500427,0.05666588619351387,0.5817746520042419,0.616682767868042,0.0703783705830574,0.596526563167572,0.610861599445343,0.0740300714969635,0.6068733334541321,0.6124114990234375,0.07440376281738281,0.5631279349327087,0.6224175095558167,0.04172014445066452,0.5823687314987183,0.5964710712432861,0.0537199005484581,0.5990949273109436,0.5950997471809387,0.0518115870654583,0.6118426322937012,0.6041988134384155,0.048860836774110794,0.5621110200881958,0.6122791767120361,0.02492530830204487,0.5833898186683655,0.5893171429634094,0.03209301084280014,0.6027782559394836,0.5981457829475403,0.027460766956210136,0.6152330636978149,0.6136557459831238,0.022449782118201256,0.5620370507240295,0.6072400808334351,0.008547208271920681,0.5837879180908203,0.5937529802322388,0.011419136077165604,0.5995222926139832,0.6032232642173767,0.00943828746676445,0.6104869842529297,0.6185556650161743,0.006696916650980711,0.7204106450080872,0.695341169834137,1.1690688239696101e-07,0.6919159889221191,0.7090936303138733,-0.015061914920806885,0.6623547077178955,0.7155302166938782,-0.02031589299440384,0.6415676474571228,0.7295072674751282,-0.023641930893063545,0.6230794787406921,0.7421849370002747,-0.025388693436980247,0.6512441039085388,0.6362549662590027,0.0006383753498084843,0.6332626938819885,0.6041544079780579,0.0004161054384894669,0.6196621656417847,0.6001046895980835,-0.0009337645606137812,0.6110212802886963,0.6058071255683899,-0.0008885597926564515,0.6584444642066956,0.6187942028045654,0.008100185543298721,0.6403546333312988,0.5851354002952576,0.011892715469002724,0.6289759874343872,0.5875662565231323,0.014697646722197533,0.6230215430259705,0.6001285314559937,0.017722364515066147,0.6673083305358887,0.6082274317741394,0.012910807505249977,0.6503955721855164,0.5781926512718201,0.01671639084815979,0.639877438545227,0.5825888514518738,0.021245356649160385,0.6334560513496399,0.5950742363929749,0.025236057117581367,0.6769833564758301,0.601719319820404,0.015695801004767418,0.663008451461792,0.5779373645782471,0.018230941146612167,0.6536949872970581,0.5824931859970093,0.021254559978842735,0.6472060680389404,0.5941609740257263,0.02484693005681038
LOVE,0.386649489402771,0.7101078629493713,2.2242053887566726e-07,0.4306950867176056,0.7356431484222412,0.014896798878908157,0.46347787976264954,0.7374502420425415,0.020435824990272522,0.4902092218399048,0.756351113319397,0.01774301566183567,0.5133923888206482,0.7759533524513245,0.013377690687775612,0.4765084385871887,0.6305568218231201,0.04770970717072487,0.5004393458366394,0.5944429636001587,0.050154559314250946,0.5169669985771179,0.5889889597892761,0.04266008362174034,0.5283557176589966,0.5944167375564575,0.03520942106842995,0.4673786163330078,0.6106488704681396,0.030135704204440117,0.496753454208374,0.5634609460830688,0.02711907960474491,0.5155559778213501,0.5641804933547974,0.011637696996331215,0.5243179202079773,0.5855064988136292,0.00023740588221699,0.4564087986946106,0.5930095314979553,0.010164715349674225,0.48668721318244934,0.546172022819519,0.004260360728949308,0.5077188014984131,0.552985668182373,-0.009773329831659794,0.5189060568809509,0.5777332782745361,-0.019482597708702087,0.44500184059143066,0.5841182470321655,-0.009636116214096546,0.4745471179485321,0.5579453110694885,-0.017090823501348495,0.49428460001945496,0.5592126846313477,-0.02532496117055416,0.5096028447151184,0.5730201601982117,-0.031805235892534256,0.6707059144973755,0.7334965467453003,4.83074060753097e-08,0.6315536499023438,0.7403473854064941,-0.007323268800973892,0.5920430421829224,0.7374021410942078,-0.016899917274713516,0.5603407025337219,0.7610064148902893,-0.029352571815252304,0.5345807671546936,0.7866005897521973,-0.041022658348083496,0.5751841068267822,0.6249248385429382,0.008185046724975109,0.548412024974823,0.5755062699317932,-0.005773056298494339,0.5277053713798523,0.572056770324707,-0.019662728533148766,0.5132660865783691,0.5848555564880371,-0.02821534499526024,0.5848275423049927,0.6087589263916016,0.0015597655437886715,0.5538674592971802,0.5522080659866333,-0.013110772706568241,0.5322453379631042,0.5571950078010559,-0.025135455653071404,0.5200995206832886,0.5840091705322266,-0.031119246035814285,0.5983978509902954,0.5986655354499817,-0.00837840884923935,0.5695457458496094,0.5397234559059143,-0.020464982837438583,0.5460195541381836,0.5492405891418457,-0.027694545686244965,0.5313080549240112,0.5792412161827087,-0.0300280898809433,0.6151783466339111,0.5950753092765808,-0.019734596833586693,0.5931492447853088,0.5511772632598877,-0.027180472388863564,0.5723509192466736,0.5480948686599731,-0.03106618858873844,0.5554490089416504,0.5626420378684998,-0.0324610136449337
LOVE,0.31332942843437195,0.7580575942993164,2.3604533794241433e-07,0.3428977131843567,0.7637163400650024,-0.0037592235021293163,0.3743743598461151,0.7586365342140198,-0.008011934347450733,0.40010806918144226,0.7703484892845154,-0.014845732599496841,0.4215150773525238,0.7908874154090881,-0.02156735025346279,0.3789900243282318,0.6683829426765442,0.011977588757872581,0.39713138341903687,0.6333186626434326,0.006678108591586351,0.411691278219223,0.6267418265342712,-0.0002914612996391952,0.4223330318927765,0.6321714520454407,-0.004845963325351477,0.3717404007911682,0.6534934043884277,0.007103233598172665,0.3910122513771057,0.606336236000061,0.0013956980546936393,0.40721595287323,0.6036067605018616,-0.0054452200420200825,0.4169968366622925,0.6204897165298462,-0.009084327146410942,0.36282598972320557,0.6442894339561462,-6.036342165316455e-05,0.38450661301612854,0.5960414409637451,-0.0065634106285870075,0.402451753616333,0.5983284711837769,-0.01171257346868515,0.4144766926765442,0.6179173588752747,-0.013669678010046482,0.3536275625228882,0.642175555229187,-0.008230174891650677,0.37493613362312317,0.6163983345031738,-0.01399953942745924,0.3913539946079254,0.6173431277275085,-0.016550393775105476,0.404110848903656,0.6299136877059937,-0.01700177788734436,0.5405957102775574,0.7338418364524841,3.054728736628931e-08,0.5116341710090637,0.747076690196991,-0.0005128823686391115,0.48077744245529175,0.7473024129867554,-0.004559882450848818,0.4564066529273987,0.7670803070068359,-0.012436909601092339,0.4362393319606781,0.7901026010513306,-0.01958390697836876,0.46981075406074524,0.6583757400512695,0.01760903187096119,0.455110102891922,0.6198562979698181,0.012195423245429993,0.4395497441291809,0.6177077293395996,0.005142146721482277,0.42774298787117004,0.6271992325782776,4.908106348011643e-05,0.4751720130443573,0.6470261216163635,0.009298673830926418,0.457075834274292,0.597277820110321,0.003534942865371704,0.43985095620155334,0.6043819785118103,-0.0014831370208412409,0.4287390410900116,0.6231159567832947,-0.004061767365783453,0.48137226700782776,0.640863299369812,-0.001943362527526915,0.4619554877281189,0.5914504528045654,-0.008098520338535309,0.44181713461875916,0.5996317863464355,-0.010898221284151077,0.4291057884693146,0.6202914118766785,-0.011564483866095543,0.4866659641265869,0.6435026526451111,-0.01435772143304348,0.4665168821811676,0.6143233180046082,-0.018935004249215126,0.44829243421554565,0.617347240447998,-0.020868930965662003,0.43492594361305237,0.6316353678703308,-0.021696222946047783
LOVE,0.406389981508255,0.69571453332901,2.180174760724185e-07,0.431989848613739,0.7103930115699768,0.0009028030326589942,0.4586541950702667,0.7114244103431702,-0.0004675308882724494,0.4817350208759308,0.7278240919113159,-0.005058974493294954,0.5001956820487976,0.742555558681488,-0.00993147399276495,0.46808502078056335,0.6317933201789856,0.0180536899715662,0.4866568148136139,0.6054819226264954,0.016963116824626923,0.5005806088447571,0.5976129174232483,0.01254107803106308,0.5115842819213867,0.597209095954895,0.00867785420268774,0.46296337246894836,0.6175822019577026,0.011613147333264351,0.4838884174823761,0.5843095779418945,0.009928407147526741,0.49905768036842346,0.5810171365737915,0.004480296280235052,0.5104123950004578,0.5884289145469666,0.0005179333966225386,0.4563031494617462,0.6064255833625793,0.0032212918158620596,0.4786510765552521,0.5723193287849426,-0.000570362841244787,0.4956299960613251,0.5751886963844299,-0.004697261843830347,0.5075343251228333,0.5876530408859253,-0.007234737742692232,0.448900431394577,0.6004711389541626,-0.005823471117764711,0.4702318012714386,0.5826341509819031,-0.010279514826834202,0.4852225184440613,0.5895640850067139,-0.012079505249857903,0.4967276453971863,0.6039752960205078,-0.012942299246788025,0.6171253323554993,0.7160042524337769,-1.434968588398533e-08,0.5903581976890564,0.7233598232269287,-0.0041502430103719234,0.5619760155677795,0.7201257944107056,-0.009898366406559944,0.5390041470527649,0.7318264842033386,-0.017609894275665283,0.519436240196228,0.7437143325805664,-0.02472568303346634,0.5515488982200623,0.63506019115448,0.005295208655297756,0.5320926904678345,0.5941542983055115,-0.005932448897510767,0.5173770785331726,0.5947316884994507,-0.01676284894347191,0.5080462098121643,0.6088002920150757,-0.022981274873018265,0.5583130717277527,0.6228145360946655,0.0004119941731914878,0.5370938777923584,0.5779280662536621,-0.00992894172668457,0.520757794380188,0.582083523273468,-0.018590716645121574,0.5107572674751282,0.6015011668205261,-0.02304839715361595,0.567721426486969,0.6159582138061523,-0.006806936115026474,0.5468537211418152,0.5709928274154663,-0.014844927936792374,0.5292056798934937,0.5743443965911865,-0.019909381866455078,0.5167025923728943,0.5908031463623047,-0.021984420716762543,0.5790997743606567,0.6145714521408081,-0.014951183460652828,0.5627000331878662,0.5826641917228699,-0.02036205492913723,0.5479425191879272,0.579575777053833,-0.023153726011514664,0.535262405872345,0.586738646030426,-0.024300098419189453
LOVE,0.24339605867862701,0.7828293442726135,2.075420866276545e-07,0.27122771739959717,0.7872398495674133,-0.006613583769649267,0.2992132604122162,0.7829858660697937,-0.01089380495250225,0.3220168352127075,0.7946535348892212,-0.016407860442996025,0.34002307057380676,0.8084214925765991,-0.02199910394847393,0.3039458096027374,0.7028798460960388,0.005980021320283413,0.3192886710166931,0.6688738465309143,-0.0006632374133914709,0.33012017607688904,0.6611729860305786,-0.008518163114786148,0.3397562801837921,0.6623326539993286,-0.013899851590394974,0.2952181100845337,0.6902194619178772,0.00334206223487854,0.3134954273700714,0.6564627885818481,-0.0036476245149970055,0.32594773173332214,0.6505844593048096,-0.01216384582221508,0.3362892270088196,0.6574835777282715,-0.017511053010821342,0.2848530113697052,0.6814429759979248,-0.0014707851223647594,0.30378177762031555,0.649095892906189,-0.008567369543015957,0.31738296151161194,0.6438767910003662,-0.014554169960319996,0.32930004596710205,0.6500917673110962,-0.017665844410657883,0.2727257311344147,0.6776288151741028,-0.00741166016086936,0.2900277376174927,0.6547562479972839,-0.013465872965753078,0.3030581474304199,0.648080587387085,-0.01649397425353527,0.3161264657974243,0.649580717086792,-0.017856653779745102,0.44515150785446167,0.7872412204742432,4.574808531998542e-09,0.4189416170120239,0.7916936278343201,0.004904299974441528,0.3924064636230469,0.7847864031791687,0.0035240091383457184,0.3700721859931946,0.7951480150222778,-0.0030428841710090637,0.349157452583313,0.8088783621788025,-0.009470649994909763,0.3869193494319916,0.6901991963386536,0.025062261149287224,0.3711266815662384,0.6533595323562622,0.021688291803002357,0.3550148606300354,0.6480292677879333,0.015139514580368996,0.3423141837120056,0.6534364223480225,0.010173087008297443,0.3914579153060913,0.6796445250511169,0.014242812059819698,0.3741380274295807,0.6301455497741699,0.011002963408827782,0.3552415072917938,0.6308355331420898,0.005112934857606888,0.34250080585479736,0.6470885276794434,0.0013264536391943693,0.3965212404727936,0.6745158433914185,0.000791225815191865,0.37900832295417786,0.6255825161933899,-0.0036335084587335587,0.3579287827014923,0.6292179226875305,-0.007596618961542845,0.34413594007492065,0.6482504606246948,-0.00949129555374384,0.4003561735153198,0.6759108304977417,-0.013333230279386044,0.3822789490222931,0.6402862668037415,-0.0164153091609478,0.3644876480102539,0.6396663188934326,-0.017788225784897804,0.35147625207901,0.6522498726844788,-0.018588416278362274
LOVE,0.2767115831375122,0.7679422497749329,2.440834521166835e-07,0.3170851767063141,0.7855064868927002,-0.0024985475465655327,0.3556966185569763,0.7845706939697266,-0.006715831346809864,0.388815701007843,0.8019384741783142,-0.014731849543750286,0.41727593541145325,0.8241640329360962,-0.023013193160295486,0.3726915717124939,0.6744921803474426,0.017498234286904335,0.40175381302833557,0.6362204551696777,0.008890368044376373,0.4206911325454712,0.6373531222343445,-0.0029112547636032104,0.4324409067630768,0.6495441198348999,-0.01115835178643465,0.364151269197464,0.6540509462356567,0.009346437640488148,0.39820176362991333,0.6091004610061646,-0.001668334472924471,0.4183562099933624,0.6172176599502563,-0.016162939369678497,0.4270569980144501,0.6425732970237732,-0.02517402172088623,0.3522476553916931,0.6389846205711365,-0.0015625526430085301,0.38674435019493103,0.5917767286300659,-0.011719985865056515,0.4081622064113617,0.6013416647911072,-0.022049661725759506,0.4202238619327545,0.6270493865013123,-0.02790851518511772,0.3379089832305908,0.6315542459487915,-0.013500019907951355,0.36758482456207275,0.6039502024650574,-0.021543558686971664,0.3894325792789459,0.6026390194892883,-0.027267111465334892,0.4073237478733063,0.6130071878433228,-0.030883578583598137,0.5781878232955933,0.7687700986862183,-1.129008797562392e-08,0.541113018989563,0.7880626916885376,-0.004935362841933966,0.5004264712333679,0.7869305610656738,-0.013402041979134083,0.46760571002960205,0.8068804144859314,-0.025712870061397552,0.4382813572883606,0.8316984176635742,-0.03718503564596176,0.4814939796924591,0.6744495034217834,0.01061882171779871,0.45565205812454224,0.6251691579818726,-0.0053781624883413315,0.4337519109249115,0.6264040470123291,-0.02105657197535038,0.42047199606895447,0.6434759497642517,-0.030845914036035538,0.48976948857307434,0.6553550958633423,0.001227195025421679,0.4602340757846832,0.5911279320716858,-0.01664731465280056,0.4367436170578003,0.6049016118049622,-0.02967996336519718,0.4263414740562439,0.6400883197784424,-0.035693589597940445,0.5011200308799744,0.6440290808677673,-0.01167853269726038,0.4721524715423584,0.5828718543052673,-0.025650659576058388,0.4465338885784149,0.6001946926116943,-0.03265393152832985,0.4327707886695862,0.6342843174934387,-0.0345090813934803,0.5148870944976807,0.6406390070915222,-0.026101620867848396,0.4895414412021637,0.5977441072463989,-0.03521023318171501,0.4647890627384186,0.5985162854194641,-0.03976122662425041,0.44637009501457214,0.6148138046264648,-0.0415634922683239
LOVE,0.2778903543949127,0.7545021772384644,2.7556185955290857e-07,0.31503182649612427,0.7699204087257385,-0.008824720978736877,0.35368645191192627,0.7731270790100098,-0.016480550169944763,0.38590821623802185,0.787580668926239,-0.02632158435881138,0.4151819050312042,0.8045945763587952,-0.03598574548959732,0.37323302030563354,0.6658360958099365,0.007068495266139507,0.4039977490901947,0.6235839128494263,-0.0051507968455553055,0.42375898361206055,0.6226903200149536,-0.018371442332863808,0.4341636300086975,0.636725127696991,-0.026573847979307175,0.36541029810905457,0.6442978978157043,0.0023059288505464792,0.40035149455070496,0.5966489315032959,-0.010992339812219143,0.42094698548316956,0.6045703887939453,-0.02615685574710369,0.42795825004577637,0.6334179043769836,-0.035211607813835144,0.353268563747406,0.6275923252105713,-0.005288772750645876,0.38735219836235046,0.5790541768074036,-0.016967346891760826,0.40838930010795593,0.587391197681427,-0.028354153037071228,0.4185944199562073,0.614934504032135,-0.03464352712035179,0.3372320830821991,0.6172789335250854,-0.014167127199470997,0.3650365173816681,0.5892102122306824,-0.023619111627340317,0.38601386547088623,0.5890244841575623,-0.030404608696699142,0.4014369249343872,0.6022305488586426,-0.034237101674079895,0.5785490870475769,0.7575129866600037,-5.472673425543917e-09,0.5399927496910095,0.7723153233528137,-0.0050719864666461945,0.4981914758682251,0.7713150382041931,-0.014068556018173695,0.46600303053855896,0.7952993512153625,-0.02662077732384205,0.43891116976737976,0.8241564631462097,-0.03805822506546974,0.48240047693252563,0.6596574783325195,0.008693329989910126,0.4572380483150482,0.6007274389266968,-0.008387666195631027,0.4357050657272339,0.6049901843070984,-0.02428624778985977,0.4234495759010315,0.627104640007019,-0.03371560946106911,0.4918794333934784,0.6441696286201477,-9.029616921907291e-05,0.46394696831703186,0.5748681426048279,-0.017930299043655396,0.43998658657073975,0.5903129577636719,-0.03008148819208145,0.4289065897464752,0.6253241896629333,-0.035650964826345444,0.5035998821258545,0.6356734037399292,-0.01241258904337883,0.47549062967300415,0.5716513991355896,-0.02580498345196247,0.4490821957588196,0.5882421731948853,-0.032059162855148315,0.43393588066101074,0.621381402015686,-0.03366103768348694,0.5170708298683167,0.6338879466056824,-0.026232032105326653,0.4922060966491699,0.5897995233535767,-0.034407828003168106,0.4675791561603546,0.5882670879364014,-0.03815750777721405,0.44858023524284363,0.6018256545066833,-0.03955888748168945
LOVE,0.4437609612941742,0.5045506954193115,1.531217748151903e-07,0.47586315870285034,0.5319364666938782,0.017216922715306282,0.4997987747192383,0.5335537195205688,0.02579338103532791,0.521886944770813,0.5440228581428528,0.02588890679180622,0.5422067642211914,0.5556802153587341,0.024904701858758926,0.49873095750808716,0.4650665819644928,0.05976545438170433,0.5110417604446411,0.45593884587287903,0.07082439213991165,0.5191512107849121,0.4543125033378601,0.07319030910730362,0.5232317447662354,0.4511411488056183,0.07512662559747696,0.49508482217788696,0.447359174489975,0.04711209237575531,0.5098125338554382,0.4487397372722626,0.052843932062387466,0.5116759538650513,0.45604264736175537,0.04635122790932655,0.5137103199958801,0.45470184087753296,0.044073618948459625,0.49308711290359497,0.4299735724925995,0.03214196115732193,0.5061119198799133,0.4396982192993164,0.031191974878311157,0.4968004822731018,0.45844271779060364,0.02359355054795742,0.4900263249874115,0.4630831778049469,0.022040601819753647,0.4936690628528595,0.41179636120796204,0.01825011521577835,0.5149918794631958,0.403423547744751,0.020692529156804085,0.5303846001625061,0.40734195709228516,0.020291319116950035,0.5432304739952087,0.409758061170578,0.02112524025142193,0.6572995781898499,0.5318660736083984,1.3815994748256344e-07,0.6287310123443604,0.5533365607261658,-0.009633753448724747,0.600227415561676,0.5561407208442688,-0.015208696946501732,0.579278290271759,0.5603482723236084,-0.021951885893940926,0.5583840608596802,0.5689322352409363,-0.02916748635470867,0.5860682725906372,0.4833812117576599,0.003862206358462572,0.5633978843688965,0.4486597776412964,-0.0035416281316429377,0.549443244934082,0.4397374093532562,-0.014805596321821213,0.5378095507621765,0.44158536195755005,-0.02375096268951893,0.5962860584259033,0.46293291449546814,-0.0002167082275263965,0.5703280568122864,0.4237246513366699,-0.010079829953610897,0.5535407066345215,0.41530945897102356,-0.0264398492872715,0.5418680906295776,0.42294391989707947,-0.0385277234017849,0.6081575751304626,0.44769132137298584,-0.0067387912422418594,0.5840358138084412,0.409534215927124,-0.01755061373114586,0.5678017139434814,0.40706586837768555,-0.033756230026483536,0.555915892124176,0.419996440410614,-0.044938262552022934,0.6227008700370789,0.4332500398159027,-0.014084297232329845,0.6040487289428711,0.40029340982437134,-0.024320892989635468,0.5905830264091492,0.3955998122692108,-0.03486381471157074,0.5788484215736389,0.4026103913784027,-0.043104611337184906
LOVE,0.2697935402393341,0.5259827375411987,2.0993469718177948e-07,0.30327922105789185,0.5429165959358215,0.016971826553344727,0.32735323905944824,0.5417160987854004,0.02349822036921978,0.3496764004230499,0.5526576042175293,0.0228753462433815,0.3688650131225586,0.563735842704773,0.021208975464105606,0.33884409070014954,0.47115713357925415,0.04600049555301666,0.3577071726322174,0.44334349036216736,0.05313891917467117,0.37033921480178833,0.43517953157424927,0.05282486230134964,0.3778432011604309,0.43545281887054443,0.05156871676445007,0.33334311842918396,0.45379871129989624,0.03143596649169922,0.35620275139808655,0.4243600070476532,0.038712769746780396,0.37046268582344055,0.4153751730918884,0.0358085110783577,0.37955451011657715,0.41812455654144287,0.033166080713272095,0.32657280564308167,0.4373999536037445,0.014988111332058907,0.34989023208618164,0.4086351990699768,0.019991304725408554,0.36565425992012024,0.4031445384025574,0.020390046760439873,0.37648123502731323,0.4066828191280365,0.0196402445435524,0.3191567361354828,0.42605194449424744,-0.0015531680546700954,0.3406292200088501,0.40537479519844055,0.0006531678372994065,0.3552265465259552,0.3970612585544586,0.0027245276141911745,0.3674033582210541,0.3942498564720154,0.003973988350480795,0.48764705657958984,0.5256794691085815,2.3828800266301187e-08,0.46050503849983215,0.5428556203842163,0.0004034641315229237,0.4315113127231598,0.5454903244972229,0.00030004206928424537,0.40818095207214355,0.5555810928344727,-0.003108098404482007,0.388906866312027,0.5686342716217041,-0.0063300421461462975,0.42522749304771423,0.46806594729423523,0.022445576265454292,0.40826141834259033,0.4441471993923187,0.021919356659054756,0.3961558938026428,0.43945902585983276,0.016687491908669472,0.3856510818004608,0.4429256319999695,0.012117769569158554,0.4302545487880707,0.4516671895980835,0.016553035005927086,0.41061392426490784,0.4229745864868164,0.015011345036327839,0.3962969481945038,0.42122218012809753,0.008524036034941673,0.38548892736434937,0.43093574047088623,0.0038110960740596056,0.4370538890361786,0.43813228607177734,0.008185965940356255,0.416985422372818,0.40789908170700073,0.005125022958964109,0.40085768699645996,0.4082334339618683,-7.591203029733151e-05,0.38886210322380066,0.42095673084259033,-0.0032433022279292345,0.4455735385417938,0.42619290947914124,-0.0009858784032985568,0.4275449812412262,0.39968088269233704,-0.0037110410630702972,0.41297999024391174,0.3988319933414459,-0.006243119016289711,0.4013618230819702,0.40940552949905396,-0.008045122027397156
LOVE,0.26913654804229736,0.5239800810813904,2.2064311622216337e-07,0.3020760715007782,0.5445416569709778,0.016026940196752548,0.32543933391571045,0.5444467663764954,0.02263353392481804,0.34828057885169983,0.5550917983055115,0.02201731875538826,0.3684570789337158,0.5644809007644653,0.02029920555651188,0.3350342810153961,0.4725365936756134,0.04832569137215614,0.35442420840263367,0.44588756561279297,0.05639730766415596,0.36851170659065247,0.4378950297832489,0.05609098821878433,0.3770657479763031,0.4378179609775543,0.0545685850083828,0.32945066690444946,0.45453137159347534,0.034081801772117615,0.3523361086845398,0.42421451210975647,0.04157489165663719,0.36690443754196167,0.41623803973197937,0.03736181557178497,0.3763926327228546,0.4200800657272339,0.03362003341317177,0.3234255909919739,0.4381682574748993,0.017729243263602257,0.3466262221336365,0.40938425064086914,0.022366944700479507,0.36329805850982666,0.40604233741760254,0.020592596381902695,0.37479400634765625,0.4118707478046417,0.018279720097780228,0.3174824118614197,0.4266335368156433,0.001237552729435265,0.3392731249332428,0.4065224230289459,0.0029082458931952715,0.3540453612804413,0.40039291977882385,0.003494908334687352,0.3663666844367981,0.4001113474369049,0.003440606640651822,0.48654621839523315,0.5265874266624451,1.804409244243743e-08,0.4573196768760681,0.5441509485244751,0.0051134321838617325,0.42876580357551575,0.5461466908454895,0.007242586929351091,0.40608352422714233,0.5560205578804016,0.004658135585486889,0.38659796118736267,0.5700439810752869,0.0017455354100093246,0.4236147999763489,0.4681277573108673,0.030853237956762314,0.4057477116584778,0.4449253976345062,0.03260701522231102,0.3932872414588928,0.44058406352996826,0.027943698689341545,0.3821961283683777,0.444934606552124,0.023303965106606483,0.4283163249492645,0.4518583118915558,0.022116266191005707,0.407471626996994,0.42476093769073486,0.021868174895644188,0.3924417197704315,0.424564391374588,0.014188037253916264,0.3815649151802063,0.4369100034236908,0.008490168489515781,0.4347812533378601,0.4384547770023346,0.011031268164515495,0.41398701071739197,0.41023826599121094,0.008891364559531212,0.3971419930458069,0.412235826253891,0.002597600221633911,0.3841700255870819,0.42674770951271057,-0.0015085735358297825,0.4432486593723297,0.4262988567352295,-0.0005631814710795879,0.4245843291282654,0.3999841511249542,-0.0027820344548672438,0.40953874588012695,0.39977219700813293,-0.005652992986142635,0.39718225598335266,0.4108067452907562,-0.007934702560305595
HELLO,0.0,0.0,0.0,0.0,0.0,0.0,0.0,0.0,0.0,0.0,0.0,0.0,0.0,0.0,0.0,0.0,0.0,0.0,0.0,0.0,0.0,0.0,0.0,0.0,0.0,0.0,0.0,0.0,0.0,0.0,0.0,0.0,0.0,0.0,0.0,0.0,0.0,0.0,0.0,0.0,0.0,0.0,0.0,0.0,0.0,0.0,0.0,0.0,0.0,0.0,0.0,0.0,0.0,0.0,0.0,0.0,0.0,0.0,0.0,0.0,0.0,0.0,0.0,0.5691812634468079,0.6620016694068909,3.628686044976348e-07,0.5284708142280579,0.6233507990837097,-0.022226396948099136,0.5019389390945435,0.5370938777923584,-0.03320007026195526,0.5327297449111938,0.4697454273700714,-0.04313216730952263,0.5730149745941162,0.4417596161365509,-0.053129859268665314,0.502112090587616,0.40265315771102905,-0.016133207827806473,0.4966470003128052,0.2937048375606537,-0.03107900358736515,0.4944576621055603,0.2257256954908371,-0.04581870883703232,0.4928677976131439,0.1659693866968155,-0.057923488318920135,0.5306099057197571,0.38622111082077026,-0.017963454127311707,0.5210728645324707,0.2662150263786316,-0.02876710705459118,0.5151137113571167,0.19286435842514038,-0.040388863533735275,0.5090817809104919,0.1271214336156845,-0.05007273331284523,0.5598680377006531,0.3924553692340851,-0.0231343861669302,0.5507920384407043,0.28347647190093994,-0.03195422515273094,0.5447428226470947,0.21674107015132904,-0.039978254586458206,0.5388526916503906,0.15779542922973633,-0.047227971255779266,0.5905766487121582,0.4172993302345276,-0.03158558905124664,0.5828269124031067,0.33377623558044434,-0.03955335542559624,0.5771105289459229,0.2814897894859314,-0.04287496581673622,0.5726792216300964,0.23490218818187714,-0.04625633358955383
HELLO,0.0,0.0,0.0,0.0,0.0,0.0,0.0,0.0,0.0,0.0,0.0,0.0,0.0,0.0,0.0,0.0,0.0,0.0,0.0,0.0,0.0,0.0,0.0,0.0,0.0,0.0,0.0,0.0,0.0,0.0,0.0,0.0,0.0,0.0,0.0,0.0,0.0,0.0,0.0,0.0,0.0,0.0,0.0,0.0,0.0,0.0,0.0,0.0,0.0,0.0,0.0,0.0,0.0,0.0,0.0,0.0,0.0,0.0,0.0,0.0,0.0,0.0,0.0,0.7603634595870972,0.5470910668373108,3.468452405286371e-07,0.7303887009620667,0.5140922665596008,-0.020829997956752777,0.7122147083282471,0.4527309536933899,-0.031611040234565735,0.72844398021698,0.4014485478401184,-0.04101870581507683,0.7528906464576721,0.3728141188621521,-0.04956692084670067,0.7089675068855286,0.36141061782836914,-0.010167708620429039,0.7038046717643738,0.2879558801651001,-0.022706061601638794,0.7035185098648071,0.2369856834411621,-0.03579622134566307,0.7051096558570862,0.19269321858882904,-0.045480187982320786,0.7293100953102112,0.35351014137268066,-0.009392420761287212,0.7237050533294678,0.27575305104255676,-0.0168019887059927,0.7219531536102295,0.22342780232429504,-0.026083219796419144,0.7215019464492798,0.17436817288398743,-0.033544015139341354,0.7506967186927795,0.3589343726634979,-0.011951391585171223,0.7458183169364929,0.28894558548927307,-0.017464566975831985,0.7432703971862793,0.24365480244159698,-0.021647395566105843,0.7419727444648743,0.20461224019527435,-0.025261390954256058,0.772550642490387,0.3742119371891022,-0.01763032004237175,0.7650618553161621,0.31722989678382874,-0.021793849766254425,0.7600045800209045,0.2821404039859772,-0.021956579759716988,0.7564035058021545,0.2517622113227844,-0.02229044958949089
HELLO,0.0,0.0,0.0,0.0,0.0,0.0,0.0,0.0,0.0,0.0,0.0,0.0,0.0,0.0,0.0,0.0,0.0,0.0,0.0,0.0,0.0,0.0,0.0,0.0,0.0,0.0,0.0,0.0,0.0,0.0,0.0,0.0,0.0,0.0,0.0,0.0,0.0,0.0,0.0,0.0,0.0,0.0,0.0,0.0,0.0,0.0,0.0,0.0,0.0,0.0,0.0,0.0,0.0,0.0,0.0,0.0,0.0,0.0,0.0,0.0,0.0,0.0,0.0,0.32202064990997314,0.5853728652000427,2.2915168074177927e-07,0.28370627760887146,0.5680768489837646,-0.014451670460402966,0.25604140758514404,0.5022763013839722,-0.021143382415175438,0.2632376551628113,0.4350278973579407,-0.02759534679353237,0.2908957898616791,0.40827053785324097,-0.034063585102558136,0.263900488615036,0.40566766262054443,-0.006659355945885181,0.256181925535202,0.33289268612861633,-0.01633463427424431,0.2508370876312256,0.286827027797699,-0.026503199711441994,0.2474750429391861,0.24509239196777344,-0.03540042042732239,0.28303074836730957,0.3900303244590759,-0.00929101463407278,0.2714534103870392,0.3084375560283661,-0.01717018149793148,0.2634616792201996,0.2566666901111603,-0.025943107903003693,0.2563726305961609,0.21030451357364655,-0.033217620104551315,0.3031283915042877,0.39252331852912903,-0.01453476957976818,0.29189571738243103,0.31370046734809875,-0.022062910720705986,0.2840782701969147,0.2658955752849579,-0.02925121784210205,0.27667611837387085,0.22353200614452362,-0.03533674031496048,0.32487770915031433,0.40913093090057373,-0.021966148167848587,0.315539687871933,0.3495733141899109,-0.02931930497288704,0.30849751830101013,0.30947136878967285,-0.03391290456056595,0.3022083640098572,0.2734003961086273,-0.03799956291913986
HELLO,0.0,0.0,0.0,0.0,0.0,0.0,0.0,0.0,0.0,0.0,0.0,0.0,0.0,0.0,0.0,0.0,0.0,0.0,0.0,0.0,0.0,0.0,0.0,0.0,0.0,0.0,0.0,0.0,0.0,0.0,0.0,0.0,0.0,0.0,0.0,0.0,0.0,0.0,0.0,0.0,0.0,0.0,0.0,0.0,0.0,0.0,0.0,0.0,0.0,0.0,0.0,0.0,0.0,0.0,0.0,0.0,0.0,0.0,0.0,0.0,0.0,0.0,0.0,0.48449841141700745,0.7632782459259033,4.292851087939198e-07,0.4187130033969879,0.7111481428146362,-0.030671393498778343,0.3757181167602539,0.5930730700492859,-0.04721399024128914,0.4144860804080963,0.4916222095489502,-0.062220677733421326,0.47389426827430725,0.45391109585762024,-0.0775625929236412,0.3907734453678131,0.3923851549625397,-0.022083118557929993,0.3855727016925812,0.24658595025539398,-0.0429697260260582,0.3854418694972992,0.15760301053524017,-0.06463716179132462,0.3855914771556854,0.0772310420870781,-0.08369366079568863,0.4333399534225464,0.3726796507835388,-0.026021594181656837,0.426088809967041,0.2160545140504837,-0.04177214950323105,0.4249728322029114,0.12549807131290436,-0.06017810106277466,0.4229523241519928,0.03933334723114967,-0.07662685215473175,0.47321054339408875,0.38868311047554016,-0.03484940528869629,0.46451473236083984,0.24518004059791565,-0.049172915518283844,0.4594837427139282,0.15780280530452728,-0.06404893100261688,0.4537353217601776,0.07713597267866135,-0.07783450186252594,0.5154361128807068,0.43304866552352905,-0.04802262410521507,0.5065035820007324,0.3172447383403778,-0.06270469725131989,0.4986218214035034,0.24629369378089905,-0.07176735252141953,0.4901191294193268,0.18091818690299988,-0.08051599562168121
HELLO,0.19727876782417297,0.5754135847091675,3.905761900568905e-07,0.2286681830883026,0.5384767651557922,-0.03481028228998184,0.24067488312721252,0.4723421037197113,-0.04651888087391853,0.2304704189300537,0.40774258971214294,-0.05424216017127037,0.2052627056837082,0.37254971265792847,-0.06074310094118118,0.2513578534126282,0.36994698643684387,-0.007943542674183846,0.25610023736953735,0.2884029746055603,-0.012742034159600735,0.25662732124328613,0.23652756214141846,-0.022484607994556427,0.2560981214046478,0.19086870551109314,-0.03145720809698105,0.2272990196943283,0.35886403918266296,0.0011421371018514037,0.23259441554546356,0.27014878392219543,-0.0005315580638125539,0.23404641449451447,0.21393460035324097,-0.011473054997622967,0.23693479597568512,0.16465623676776886,-0.021616704761981964,0.20278474688529968,0.366136759519577,0.00535387359559536,0.2092585563659668,0.2855234146118164,0.0020209643989801407,0.21307511627674103,0.23325090110301971,-0.010853644460439682,0.21579839289188385,0.19248655438423157,-0.021611696109175682,0.17951372265815735,0.3853309452533722,0.005640328396111727,0.18538089096546173,0.32334843277931213,0.0016404091147705913,0.18927030265331268,0.281281054019928,-0.00579941226169467,0.19383542239665985,0.24510236084461212,-0.012987221591174603,0.0,0.0,0.0,0.0,0.0,0.0,0.0,0.0,0.0,0.0,0.0,0.0,0.0,0.0,0.0,0.0,0.0,0.0,0.0,0.0,0.0,0.0,0.0,0.0,0.0,0.0,0.0,0.0,0.0,0.0,0.0,0.0,0.0,0.0,0.0,0.0,0.0,0.0,0.0,0.0,0.0,0.0,0.0,0.0,0.0,0.0,0.0,0.0,0.0,0.0,0.0,0.0,0.0,0.0,0.0,0.0,0.0,0.0,0.0,0.0,0.0,0.0,0.0
HELLO,0.38415923714637756,0.5239173769950867,2.2288803336323326e-07,0.4182451367378235,0.4987363815307617,-0.01751653105020523,0.43601933121681213,0.43493232131004333,-0.021962767466902733,0.42327988147735596,0.38184651732444763,-0.02529822662472725,0.4071092903614044,0.35079634189605713,-0.02834133617579937,0.43157026171684265,0.3385986387729645,-0.00572319095954299,0.4384077787399292,0.2663637101650238,-0.014595420099794865,0.4418591260910034,0.2231152355670929,-0.02381875552237034,0.4446414113044739,0.1846936047077179,-0.03131089359521866,0.4119660556316376,0.3262733221054077,-0.005740723107010126,0.41925615072250366,0.24393337965011597,-0.013675997965037823,0.42325156927108765,0.18987847864627838,-0.024215128272771835,0.42683812975883484,0.1442842185497284,-0.032402437180280685,0.3923424482345581,0.33276137709617615,-0.008802298456430435,0.39753949642181396,0.2541615962982178,-0.018361683934926987,0.4010975658893585,0.20509400963783264,-0.029699377715587616,0.4032837450504303,0.163049578666687,-0.03776274994015694,0.3714306950569153,0.3536384403705597,-0.01371284481137991,0.37795332074165344,0.29668128490448,-0.023660490289330482,0.38151562213897705,0.25783511996269226,-0.031153636053204536,0.38417235016822815,0.22008709609508514,-0.03676735237240791,0.0,0.0,0.0,0.0,0.0,0.0,0.0,0.0,0.0,0.0,0.0,0.0,0.0,0.0,0.0,0.0,0.0,0.0,0.0,0.0,0.0,0.0,0.0,0.0,0.0,0.0,0.0,0.0,0.0,0.0,0.0,0.0,0.0,0.0,0.0,0.0,0.0,0.0,0.0,0.0,0.0,0.0,0.0,0.0,0.0,0.0,0.0,0.0,0.0,0.0,0.0,0.0,0.0,0.0,0.0,0.0,0.0,0.0,0.0,0.0,0.0,0.0,0.0
HELLO,0.3764457106590271,0.8932344317436218,4.1333905187457276e-07,0.46086958050727844,0.8168985247612,-0.019722772762179375,0.5188050866127014,0.703637957572937,-0.023597663268446922,0.5009327530860901,0.576061487197876,-0.030033836141228676,0.43547719717025757,0.5390809774398804,-0.037673115730285645,0.5174659490585327,0.48840391635894775,0.021678922697901726,0.5385414361953735,0.34019413590431213,0.010908350348472595,0.5481247901916504,0.2600769102573395,-0.001954595558345318,0.5524610877037048,0.20105838775634766,-0.0106043154373765,0.47022780776023865,0.4408486783504486,0.013465153984725475,0.4952797293663025,0.28110411763191223,0.00801320094615221,0.5040605068206787,0.18206137418746948,0.0014533000066876411,0.5114539861679077,0.09529058635234833,-0.0004223424766678363,0.4216877520084381,0.44293612241744995,-0.0021440540440380573,0.43955984711647034,0.27991926670074463,-0.013309367001056671,0.4504045844078064,0.17947857081890106,-0.01638329215347767,0.4600917398929596,0.0893159955739975,-0.015188515186309814,0.3643290400505066,0.47928905487060547,-0.021529441699385643,0.38122329115867615,0.3304559588432312,-0.03470417112112045,0.3893143832683563,0.24096697568893433,-0.03318139910697937,0.40266674757003784,0.15836705267429352,-0.028514357283711433,0.0,0.0,0.0,0.0,0.0,0.0,0.0,0.0,0.0,0.0,0.0,0.0,0.0,0.0,0.0,0.0,0.0,0.0,0.0,0.0,0.0,0.0,0.0,0.0,0.0,0.0,0.0,0.0,0.0,0.0,0.0,0.0,0.0,0.0,0.0,0.0,0.0,0.0,0.0,0.0,0.0,0.0,0.0,0.0,0.0,0.0,0.0,0.0,0.0,0.0,0.0,0.0,0.0,0.0,0.0,0.0,0.0,0.0,0.0,0.0,0.0,0.0,0.0
HELLO,0.25407353043556213,0.6941438317298889,2.3795003301074757e-07,0.2779437303543091,0.6611210703849792,-0.01508021168410778,0.2859552204608917,0.6128907799720764,-0.01827852800488472,0.27278292179107666,0.5755290389060974,-0.020466038957238197,0.25437673926353455,0.5667361617088318,-0.022235654294490814,0.2876390814781189,0.545460045337677,0.003725185990333557,0.29124870896339417,0.49097639322280884,0.0014659537700936198,0.29228475689888,0.45775485038757324,-0.00473785912618041,0.2926815152168274,0.42713040113449097,-0.010387293994426727,0.27144575119018555,0.5401522517204285,0.005971367005258799,0.27592626214027405,0.48132461309432983,0.00564586790278554,0.27761298418045044,0.44425955414772034,-0.0013921628706157207,0.27973005175590515,0.41027989983558655,-0.00775940204039216,0.2554475665092468,0.5468923449516296,0.0053481776267290115,0.25963839888572693,0.4921591579914093,0.0038158358074724674,0.26228874921798706,0.458659827709198,-0.003827311098575592,0.26407235860824585,0.4319101572036743,-0.009889994747936726,0.2391565442085266,0.5626120567321777,0.0027284622192382812,0.24345871806144714,0.5186305642127991,0.0010394364362582564,0.24669446051120758,0.4896130859851837,-0.002230918500572443,0.25012460350990295,0.4636407196521759,-0.005474906414747238,0.0,0.0,0.0,0.0,0.0,0.0,0.0,0.0,0.0,0.0,0.0,0.0,0.0,0.0,0.0,0.0,0.0,0.0,0.0,0.0,0.0,0.0,0.0,0.0,0.0,0.0,0.0,0.0,0.0,0.0,0.0,0.0,0.0,0.0,0.0,0.0,0.0,0.0,0.0,0.0,0.0,0.0,0.0,0.0,0.0,0.0,0.0,0.0,0.0,0.0,0.0,0.0,0.0,0.0,0.0,0.0,0.0,0.0,0.0,0.0,0.0,0.0,0.0
OK,0.0,0.0,0.0,0.0,0.0,0.0,0.0,0.0,0.0,0.0,0.0,0.0,0.0,0.0,0.0,0.0,0.0,0.0,0.0,0.0,0.0,0.0,0.0,0.0,0.0,0.0,0.0,0.0,0.0,0.0,0.0,0.0,0.0,0.0,0.0,0.0,0.0,0.0,0.0,0.0,0.0,0.0,0.0,0.0,0.0,0.0,0.0,0.0,0.0,0.0,0.0,0.0,0.0,0.0,0.0,0.0,0.0,0.0,0.0,0.0,0.0,0.0,0.0,0.669805109500885,0.5522109270095825,-1.521445547325584e-08,0.6274123191833496,0.5434596538543701,-0.006326349452137947,0.5910404920578003,0.5052927732467651,-0.010470723733305931,0.5641452670097351,0.47375574707984924,-0.017794769257307053,0.5483400821685791,0.4396229684352875,-0.0242642629891634,0.6009289026260376,0.4031800329685211,0.012432067655026913,0.5726420879364014,0.36986565589904785,-0.005382511764764786,0.5560721158981323,0.3840091824531555,-0.021415624767541885,0.5492686033248901,0.4059310257434845,-0.028500868007540703,0.6146844029426575,0.37460577487945557,0.006735480390489101,0.5880364179611206,0.31145575642585754,0.0014793399022892118,0.5667423009872437,0.2786930203437805,-0.0030969728250056505,0.5495678186416626,0.2558538317680359,-0.005039988551288843,0.6364746689796448,0.36181724071502686,-0.0037496439181268215,0.6190543174743652,0.29188185930252075,-0.010057884268462658,0.6034915447235107,0.24872304499149323,-0.01152455061674118,0.5903065204620361,0.21704097092151642,-0.010916815139353275,0.6611997485160828,0.3650060296058655,-0.016195902600884438,0.6602347493171692,0.301098108291626,-0.021793555468320847,0.6560215353965759,0.255687415599823,-0.021136417984962463,0.650806188583374,0.21590064465999603,-0.01871309243142605
OK,0.0,0.0,0.0,0.0,0.0,0.0,0.0,0.0,0.0,0.0,0.0,0.0,0.0,0.0,0.0,0.0,0.0,0.0,0.0,0.0,0.0,0.0,0.0,0.0,0.0,0.0,0.0,0.0,0.0,0.0,0.0,0.0,0.0,0.0,0.0,0.0,0.0,0.0,0.0,0.0,0.0,0.0,0.0,0.0,0.0,0.0,0.0,0.0,0.0,0.0,0.0,0.0,0.0,0.0,0.0,0.0,0.0,0.0,0.0,0.0,0.0,0.0,0.0,0.48716965317726135,0.5568781495094299,-1.258843838058965e-07,0.4451175034046173,0.5462594628334045,-0.0009070724481716752,0.4122694730758667,0.5065122246742249,-0.002003402216359973,0.3854503631591797,0.4727399945259094,-0.006699490826576948,0.36687368154525757,0.43568000197410583,-0.010308212600648403,0.4402140974998474,0.40223976969718933,0.01835363171994686,0.4088462293148041,0.3690297603607178,0.0014924609567970037,0.3842185139656067,0.38386070728302,-0.016105717048048973,0.3714953064918518,0.40750014781951904,-0.024409214034676552,0.45183065533638,0.37764182686805725,0.012219680473208427,0.42924565076828003,0.3066209554672241,0.00773336086422205,0.4072895050048828,0.27015864849090576,0.001985633047297597,0.38877740502357483,0.24103298783302307,-0.001250872970558703,0.46820712089538574,0.3656163513660431,0.0019473020220175385,0.45274320244789124,0.2873002588748932,-0.0016409787349402905,0.436286062002182,0.2425755113363266,-0.002558623207733035,0.4233265817165375,0.2060604691505432,-0.0019419892923906446,0.4849507510662079,0.36597904562950134,-0.009883668273687363,0.4824370741844177,0.2964429259300232,-0.011092904023826122,0.47812619805336,0.25040367245674133,-0.008381534367799759,0.47404879331588745,0.2092539370059967,-0.004934480879455805
OK,0.0,0.0,0.0,0.0,0.0,0.0,0.0,0.0,0.0,0.0,0.0,0.0,0.0,0.0,0.0,0.0,0.0,0.0,0.0,0.0,0.0,0.0,0.0,0.0,0.0,0.0,0.0,0.0,0.0,0.0,0.0,0.0,0.0,0.0,0.0,0.0,0.0,0.0,0.0,0.0,0.0,0.0,0.0,0.0,0.0,0.0,0.0,0.0,0.0,0.0,0.0,0.0,0.0,0.0,0.0,0.0,0.0,0.0,0.0,0.0,0.0,0.0,0.0,0.5524148941040039,0.7993460297584534,-1.0364885838498594e-07,0.47658655047416687,0.7532183527946472,-0.017334258183836937,0.407545804977417,0.655112624168396,-0.03219147026538849,0.34915369749069214,0.5946691632270813,-0.0518973208963871,0.2975708842277527,0.5427077412605286,-0.0707964077591896,0.45286881923675537,0.4490528404712677,0.006258899345993996,0.38949206471443176,0.3819791376590729,-0.03953319042921066,0.33862996101379395,0.426531046628952,-0.08265560865402222,0.3057553172111511,0.48340433835983276,-0.10477298498153687,0.481374055147171,0.40768542885780334,-0.004254126455634832,0.43704283237457275,0.26101985573768616,-0.02667425386607647,0.39109113812446594,0.18031370639801025,-0.04852534085512161,0.350183367729187,0.1129179522395134,-0.062288619577884674,0.5205044746398926,0.39988094568252563,-0.02266586385667324,0.48604628443717957,0.24553799629211426,-0.04331650212407112,0.44605234265327454,0.1545468270778656,-0.053651582449674606,0.40958571434020996,0.0781577080488205,-0.05797003209590912,0.5601085424423218,0.4196847379207611,-0.044486500322818756,0.559136688709259,0.2885449528694153,-0.05680566653609276,0.5536723136901855,0.19722098112106323,-0.05575290694832802,0.5443353056907654,0.11313086003065109,-0.05240326747298241
OK,0.3280044198036194,0.5347810387611389,3.4961942674271995e-07,0.34931811690330505,0.5339371562004089,-0.048025041818618774,0.3594440817832947,0.5179789662361145,-0.08191602677106857,0.35375747084617615,0.5083333849906921,-0.10567962378263474,0.34151333570480347,0.4984695613384247,-0.13240955770015717,0.35429054498672485,0.4507531225681305,-0.10002270340919495,0.35441625118255615,0.38926324248313904,-0.13292257487773895,0.352995902299881,0.3458252251148224,-0.15582439303398132,0.34856170415878296,0.3040430545806885,-0.17313998937606812,0.3294709324836731,0.4375787377357483,-0.08838971704244614,0.30429452657699585,0.3755685091018677,-0.12028910964727402,0.27936163544654846,0.3471575379371643,-0.1407739520072937,0.2562982141971588,0.32035043835639954,-0.1571296751499176,0.3090587854385376,0.4493398368358612,-0.07644980400800705,0.28988271951675415,0.37973126769065857,-0.1077626422047615,0.27664750814437866,0.33830684423446655,-0.12933963537216187,0.26537153124809265,0.30533504486083984,-0.14495831727981567,0.2931361794471741,0.47332000732421875,-0.06562507897615433,0.26756545901298523,0.46059638261795044,-0.09410563856363297,0.2505502700805664,0.4594385027885437,-0.11026476323604584,0.23854118585586548,0.4574214518070221,-0.12244576215744019,0.3488447368144989,0.7017868161201477,-1.4310552387541975e-07,0.30295127630233765,0.6719591617584229,0.000989362015388906,0.267978310585022,0.6316045522689819,-0.005097763612866402,0.23459428548812866,0.6003589630126953,-0.016645312309265137,0.21391001343727112,0.5522474050521851,-0.028213199228048325,0.3038696348667145,0.5045484900474548,0.01874651201069355,0.2640382647514343,0.4748711585998535,-0.0046893032267689705,0.23340670764446259,0.49681997299194336,-0.029122864827513695,0.21722963452339172,0.5264458060264587,-0.04202777519822121,0.31660786271095276,0.48447370529174805,0.007133885286748409,0.29083794355392456,0.40042465925216675,-0.0036228876560926437,0.263471782207489,0.36192914843559265,-0.015269886702299118,0.2395218014717102,0.3343159556388855,-0.02213515341281891,0.3349936604499817,0.48172757029533386,-0.00901051890105009,0.3213083744049072,0.38602569699287415,-0.016979001462459564,0.30495354533195496,0.33007943630218506,-0.021627621725201607,0.2917781174182892,0.2856978178024292,-0.024015551432967186,0.35086601972579956,0.4931357502937317,-0.026589181274175644,0.35386529564857483,0.42022186517715454,-0.03261723741889,0.35380446910858154,0.36532357335090637,-0.03285631537437439,0.35334810614585876,0.3123578727245331,-0.0316704660654068
OK,0.0,0.0,0.0,0.0,0.0,0.0,0.0,0.0,0.0,0.0,0.0,0.0,0.0,0.0,0.0,0.0,0.0,0.0,0.0,0.0,0.0,0.0,0.0,0.0,0.0,0.0,0.0,0.0,0.0,0.0,0.0,0.0,0.0,0.0,0.0,0.0,0.0,0.0,0.0,0.0,0.0,0.0,0.0,0.0,0.0,0.0,0.0,0.0,0.0,0.0,0.0,0.0,0.0,0.0,0.0,0.0,0.0,0.0,0.0,0.0,0.0,0.0,0.0,0.3619069755077362,0.6659206748008728,-2.449038447593921e-07,0.32209450006484985,0.6385197639465332,0.007608343381434679,0.2963962256908417,0.5976535081863403,0.007100498303771019,0.27103203535079956,0.5677365064620972,0.0008929229225032032,0.2509245276451111,0.5323716998100281,-0.005705949850380421,0.3265923857688904,0.5014860033988953,0.022223616018891335,0.29129353165626526,0.47500571608543396,0.005840612575411797,0.26582813262939453,0.4910300076007843,-0.01275983452796936,0.25255265831947327,0.5148308873176575,-0.02251562476158142,0.33869054913520813,0.47987666726112366,0.009923604317009449,0.31345295906066895,0.4113936126232147,0.0038780702743679285,0.2881335914134979,0.381363183259964,-0.004653986543416977,0.26555320620536804,0.36377620697021484,-0.010217638686299324,0.3542132079601288,0.47171419858932495,-0.005491882096976042,0.341238796710968,0.388370156288147,-0.00980837456882,0.3245128393173218,0.34306806325912476,-0.012833734974265099,0.3105311691761017,0.30971524119377136,-0.014741611666977406,0.3671855330467224,0.475286602973938,-0.02153911627829075,0.3695145547389984,0.40765655040740967,-0.02469354309141636,0.36857983469963074,0.35951685905456543,-0.023962387815117836,0.3667244613170624,0.3148796260356903,-0.02259238064289093
OK,0.28630784153938293,0.6109340190887451,3.574657228000433e-07,0.3290161192417145,0.5623399019241333,-0.009519878774881363,0.35592204332351685,0.5019136667251587,-0.012691403739154339,0.3737422227859497,0.43845853209495544,-0.018006591126322746,0.3808785080909729,0.38190561532974243,-0.02217310294508934,0.318232923746109,0.42576444149017334,0.013148592785000801,0.3368985652923584,0.36019274592399597,-0.004484126344323158,0.3561396300792694,0.35322532057762146,-0.02027127705514431,0.37270376086235046,0.3646090030670166,-0.027265852317214012,0.297016978263855,0.41072767972946167,0.009918703697621822,0.3083212077617645,0.3250638246536255,0.0008658067090436816,0.32158535718917847,0.27171194553375244,-0.008066071197390556,0.33546072244644165,0.226847842335701,-0.013442290015518665,0.27509361505508423,0.4146532416343689,0.0017150253988802433,0.27647531032562256,0.33072489500045776,-0.008123005740344524,0.2819841802120209,0.2765408754348755,-0.013587486930191517,0.2908596098423004,0.23300939798355103,-0.01570521481335163,0.2521689236164093,0.4315854012966156,-0.008355876430869102,0.25254225730895996,0.3642050623893738,-0.015396046452224255,0.25195568799972534,0.3172138035297394,-0.01609949581325054,0.2548633813858032,0.27596136927604675,-0.015276136808097363,0.0,0.0,0.0,0.0,0.0,0.0,0.0,0.0,0.0,0.0,0.0,0.0,0.0,0.0,0.0,0.0,0.0,0.0,0.0,0.0,0.0,0.0,0.0,0.0,0.0,0.0,0.0,0.0,0.0,0.0,0.0,0.0,0.0,0.0,0.0,0.0,0.0,0.0,0.0,0.0,0.0,0.0,0.0,0.0,0.0,0.0,0.0,0.0,0.0,0.0,0.0,0.0,0.0,0.0,0.0,0.0,0.0,0.0,0.0,0.0,0.0,0.0,0.0
OK,0.42875558137893677,0.6354316473007202,2.4860869984877354e-07,0.4671476185321808,0.5762713551521301,0.0020742558408528566,0.48733487725257874,0.5046843886375427,0.001385976793244481,0.5106974840164185,0.45781657099723816,-0.004754532128572464,0.5294073820114136,0.41471514105796814,-0.009771487675607204,0.44199299812316895,0.41540759801864624,0.022171199321746826,0.4691084027290344,0.34992361068725586,0.000878363789524883,0.4979468286037445,0.3602599501609802,-0.01963929459452629,0.519690752029419,0.38836926221847534,-0.029592305421829224,0.42856475710868835,0.40492016077041626,0.009854337200522423,0.4401494562625885,0.3099828362464905,-0.00030307017732411623,0.4600616693496704,0.25609809160232544,-0.012411294505000114,0.4800531268119812,0.21893559396266937,-0.02067609690129757,0.41348549723625183,0.4163118600845337,-0.007252893876284361,0.4184405505657196,0.3179606795310974,-0.017312830314040184,0.4280821681022644,0.254563570022583,-0.025447910651564598,0.4399864077568054,0.20676587522029877,-0.030120421200990677,0.39889195561408997,0.4395199716091156,-0.025579234585165977,0.4029846787452698,0.35923540592193604,-0.0321008674800396,0.40760475397109985,0.30132803320884705,-0.033354006707668304,0.4159868657588959,0.25231894850730896,-0.033743858337402344,0.0,0.0,0.0,0.0,0.0,0.0,0.0,0.0,0.0,0.0,0.0,0.0,0.0,0.0,0.0,0.0,0.0,0.0,0.0,0.0,0.0,0.0,0.0,0.0,0.0,0.0,0.0,0.0,0.0,0.0,0.0,0.0,0.0,0.0,0.0,0.0,0.0,0.0,0.0,0.0,0.0,0.0,0.0,0.0,0.0,0.0,0.0,0.0,0.0,0.0,0.0,0.0,0.0,0.0,0.0,0.0,0.0,0.0,0.0,0.0,0.0,0.0,0.0
OK,0.3837844133377075,0.7218092083930969,3.8716095218660485e-07,0.42696648836135864,0.6423858404159546,0.003822279628366232,0.45003437995910645,0.5582807064056396,0.0047079045325517654,0.473239541053772,0.4883648753166199,-0.0012912130914628506,0.4878082275390625,0.42126813530921936,-0.007242563180625439,0.389878511428833,0.48340117931365967,0.03872144967317581,0.41509711742401123,0.4172317683696747,0.02290901355445385,0.44382187724113464,0.40570202469825745,0.003682448761537671,0.467427134513855,0.4077761471271515,-0.007233952637761831,0.36807960271835327,0.46996039152145386,0.023317702114582062,0.37638750672340393,0.36732080578804016,0.015898752957582474,0.3928738236427307,0.30173230171203613,0.0020609539933502674,0.4116804599761963,0.25020357966423035,-0.008156905882060528,0.3461994230747223,0.480241984128952,0.0023168185725808144,0.3455517590045929,0.3736753761768341,-0.007225331850349903,0.35444381833076477,0.30360427498817444,-0.016404278576374054,0.367199182510376,0.2451017051935196,-0.022624187171459198,0.3262139856815338,0.5076753497123718,-0.020050309598445892,0.3217553496360779,0.41862767934799194,-0.02749982848763466,0.3280819356441498,0.360047847032547,-0.028291551396250725,0.3409261107444763,0.30970191955566406,-0.028795048594474792,0.0,0.0,0.0,0.0,0.0,0.0,0.0,0.0,0.0,0.0,0.0,0.0,0.0,0.0,0.0,0.0,0.0,0.0,0.0,0.0,0.0,0.0,0.0,0.0,0.0,0.0,0.0,0.0,0.0,0.0,0.0,0.0,0.0,0.0,0.0,0.0,0.0,0.0,0.0,0.0,0.0,0.0,0.0,0.0,0.0,0.0,0.0,0.0,0.0,0.0,0.0,0.0,0.0,0.0,0.0,0.0,0.0,0.0,0.0,0.0,0.0,0.0,0.0
PEACE,0.0,0.0,0.0,0.0,0.0,0.0,0.0,0.0,0.0,0.0,0.0,0.0,0.0,0.0,0.0,0.0,0.0,0.0,0.0,0.0,0.0,0.0,0.0,0.0,0.0,0.0,0.0,0.0,0.0,0.0,0.0,0.0,0.0,0.0,0.0,0.0,0.0,0.0,0.0,0.0,0.0,0.0,0.0,0.0,0.0,0.0,0.0,0.0,0.0,0.0,0.0,0.0,0.0,0.0,0.0,0.0,0.0,0.0,0.0,0.0,0.0,0.0,0.0,0.7019125819206238,0.7757125496864319,4.148743926180032e-07,0.6744590401649475,0.735398530960083,-0.03559466451406479,0.6754463911056519,0.6630319952964783,-0.05267453193664551,0.7143679261207581,0.6153576374053955,-0.06767617166042328,0.746637761592865,0.583040177822113,-0.08057913184165955,0.6864812970161438,0.5111981630325317,-0.027277600020170212,0.6807163953781128,0.40171656012535095,-0.0468074232339859,0.6772328615188599,0.3339872658252716,-0.060893379151821136,0.6775944828987122,0.27646803855895996,-0.07177240401506424,0.7203361988067627,0.5077958106994629,-0.026668565347790718,0.7256322503089905,0.38728317618370056,-0.04905025660991669,0.732974112033844,0.3188602030277252,-0.06782843172550201,0.741424024105072,0.25810348987579346,-0.08036519587039948,0.7452394366264343,0.538063645362854,-0.029967552050948143,0.7796404957771301,0.4656924307346344,-0.06430591642856598,0.7789560556411743,0.5230337381362915,-0.07687026262283325,0.7717273831367493,0.5719103217124939,-0.07821258902549744,0.7647402882575989,0.5900511145591736,-0.03587641194462776,0.7958882451057434,0.547989547252655,-0.06764032691717148,0.7944875359535217,0.587680459022522,-0.07624053955078125,0.7855457663536072,0.6255215406417847,-0.07727023959159851
PEACE,0.0,0.0,0.0,0.0,0.0,0.0,0.0,0.0,0.0,0.0,0.0,0.0,0.0,0.0,0.0,0.0,0.0,0.0,0.0,0.0,0.0,0.0,0.0,0.0,0.0,0.0,0.0,0.0,0.0,0.0,0.0,0.0,0.0,0.0,0.0,0.0,0.0,0.0,0.0,0.0,0.0,0.0,0.0,0.0,0.0,0.0,0.0,0.0,0.0,0.0,0.0,0.0,0.0,0.0,0.0,0.0,0.0,0.0,0.0,0.0,0.0,0.0,0.0,0.4941195547580719,0.7158543467521667,5.915889573770983e-07,0.4528043568134308,0.6919187903404236,-0.03435368090867996,0.42673176527023315,0.6303296685218811,-0.05928487330675125,0.4406415522098541,0.5771483182907104,-0.08340855687856674,0.4677884876728058,0.5252475738525391,-0.1059681698679924,0.4424649477005005,0.4706573784351349,-0.04246833175420761,0.43526527285575867,0.35793206095695496,-0.06871245801448822,0.43206533789634705,0.2897252142429352,-0.08538229763507843,0.43190062046051025,0.2311001420021057,-0.09666308760643005,0.4797614514827728,0.46739500761032104,-0.04493508115410805,0.4840264618396759,0.34171950817108154,-0.07237771153450012,0.4825651943683624,0.2642456889152527,-0.08981771767139435,0.4835473895072937,0.1950710415840149,-0.10068939626216888,0.5119748711585999,0.49646231532096863,-0.05056861788034439,0.5088873505592346,0.41884464025497437,-0.08519196510314941,0.491193950176239,0.482709676027298,-0.09068313241004944,0.4809646010398865,0.5369656682014465,-0.08659577369689941,0.5396777987480164,0.5425235629081726,-0.05886322259902954,0.5390551090240479,0.4814247488975525,-0.08629541844129562,0.5260049700737,0.5010297894477844,-0.08867350965738297,0.5155128240585327,0.5242782235145569,-0.08528389036655426
PEACE,0.0,0.0,0.0,0.0,0.0,0.0,0.0,0.0,0.0,0.0,0.0,0.0,0.0,0.0,0.0,0.0,0.0,0.0,0.0,0.0,0.0,0.0,0.0,0.0,0.0,0.0,0.0,0.0,0.0,0.0,0.0,0.0,0.0,0.0,0.0,0.0,0.0,0.0,0.0,0.0,0.0,0.0,0.0,0.0,0.0,0.0,0.0,0.0,0.0,0.0,0.0,0.0,0.0,0.0,0.0,0.0,0.0,0.0,0.0,0.0,0.0,0.0,0.0,0.5072075128555298,0.8396838307380676,1.0405555030956748e-06,0.45220261812210083,0.8214190602302551,-0.05478072538971901,0.412996768951416,0.7571936249732971,-0.09566885977983475,0.44268834590911865,0.7023661136627197,-0.13316884636878967,0.49519988894462585,0.658513605594635,-0.1686944216489792,0.43283605575561523,0.5244675278663635,-0.08283162862062454,0.4248308837413788,0.3608802855014801,-0.13021916151046753,0.4235396981239319,0.25747883319854736,-0.16156071424484253,0.4267546236515045,0.17137618362903595,-0.18309640884399414,0.48895934224128723,0.5172274708747864,-0.08609879016876221,0.4990789592266083,0.34059834480285645,-0.13411971926689148,0.5072424411773682,0.22524961829185486,-0.1628425270318985,0.5137340426445007,0.11946175992488861,-0.18154509365558624,0.5365422964096069,0.5587383508682251,-0.0931725949048996,0.5560089945793152,0.47124719619750977,-0.14765171706676483,0.5382105708122253,0.5686321258544922,-0.1521906554698944,0.5199286341667175,0.6488282680511475,-0.14482146501541138,0.5737950801849365,0.6301891207695007,-0.10493350028991699,0.5920839309692383,0.5718126893043518,-0.14938236773014069,0.5764502882957458,0.6313748955726624,-0.15037468075752258,0.5580634474754333,0.6881178021430969,-0.14378300309181213
PEACE,0.0,0.0,0.0,0.0,0.0,0.0,0.0,0.0,0.0,0.0,0.0,0.0,0.0,0.0,0.0,0.0,0.0,0.0,0.0,0.0,0.0,0.0,0.0,0.0,0.0,0.0,0.0,0.0,0.0,0.0,0.0,0.0,0.0,0.0,0.0,0.0,0.0,0.0,0.0,0.0,0.0,0.0,0.0,0.0,0.0,0.0,0.0,0.0,0.0,0.0,0.0,0.0,0.0,0.0,0.0,0.0,0.0,0.0,0.0,0.0,0.0,0.0,0.0,0.28621724247932434,0.791281521320343,9.515586043562507e-07,0.22776354849338531,0.7785540223121643,-0.030863747000694275,0.18172350525856018,0.7348476052284241,-0.06073029339313507,0.15936273336410522,0.6972787380218506,-0.0932251587510109,0.18330584466457367,0.6698004007339478,-0.12436407059431076,0.17791792750358582,0.5356552004814148,-0.04859543591737747,0.13986198604106903,0.41282418370246887,-0.08507873862981796,0.11722588539123535,0.3320702612400055,-0.10765731334686279,0.1011091098189354,0.2612282931804657,-0.12357011437416077,0.22660212218761444,0.5173327922821045,-0.06052575632929802,0.21510876715183258,0.37372177839279175,-0.10316333174705505,0.2026233822107315,0.276265025138855,-0.1290300041437149,0.1916227489709854,0.1897207498550415,-0.14329101145267487,0.27191606163978577,0.5409256219863892,-0.07475142180919647,0.23574882745742798,0.5234793424606323,-0.12047228962182999,0.22262386977672577,0.6226818561553955,-0.1225610300898552,0.21953773498535156,0.6834568381309509,-0.11249969899654388,0.3063659965991974,0.5903769135475159,-0.09193724393844604,0.269461452960968,0.5929946899414062,-0.12018479406833649,0.25040727853775024,0.6574169993400574,-0.11521503329277039,0.2442094087600708,0.7000701427459717,-0.10548247396945953
PEACE,0.0,0.0,0.0,0.0,0.0,0.0,0.0,0.0,0.0,0.0,0.0,0.0,0.0,0.0,0.0,0.0,0.0,0.0,0.0,0.0,0.0,0.0,0.0,0.0,0.0,0.0,0.0,0.0,0.0,0.0,0.0,0.0,0.0,0.0,0.0,0.0,0.0,0.0,0.0,0.0,0.0,0.0,0.0,0.0,0.0,0.0,0.0,0.0,0.0,0.0,0.0,0.0,0.0,0.0,0.0,0.0,0.0,0.0,0.0,0.0,0.0,0.0,0.0,0.5160613059997559,0.8238222599029541,1.113476855607587e-06,0.4624271094799042,0.8020094633102417,-0.04590567946434021,0.4169064164161682,0.7478299140930176,-0.0824894905090332,0.4272972047328949,0.7265551090240479,-0.11786695569753647,0.4749971628189087,0.7098931670188904,-0.15281401574611664,0.44355103373527527,0.5188196301460266,-0.07197881489992142,0.4307744801044464,0.3618069291114807,-0.11694467812776566,0.42526593804359436,0.2610946297645569,-0.14498133957386017,0.42497602105140686,0.1695554107427597,-0.16395315527915955,0.4960484504699707,0.5136644244194031,-0.07993879169225693,0.5023071765899658,0.3446448743343353,-0.1257825344800949,0.5099544525146484,0.230293869972229,-0.15233974158763885,0.5161364078521729,0.12464048713445663,-0.1675836741924286,0.5407727360725403,0.5580186247825623,-0.09097635000944138,0.5547870993614197,0.4910888075828552,-0.14702332019805908,0.5303369760513306,0.6035622954368591,-0.15231846272945404,0.507689893245697,0.6883623600006104,-0.14306259155273438,0.5722745060920715,0.6306576728820801,-0.10559479147195816,0.5794352293014526,0.623925507068634,-0.15273942053318024,0.55665123462677,0.7032897472381592,-0.15383975207805634,0.534217119216919,0.7628341913223267,-0.1450851559638977
PEACE,0.30806174874305725,0.7543743252754211,5.462619583340711e-07,0.36101579666137695,0.7080952525138855,-0.020122047513723373,0.3799877464771271,0.6408131718635559,-0.029318280518054962,0.36339837312698364,0.561853289604187,-0.04086070880293846,0.321416974067688,0.5205727219581604,-0.05046698823571205,0.3740837872028351,0.4726126790046692,-0.009167500771582127,0.39507433772087097,0.3476606607437134,-0.025320256128907204,0.40463972091674805,0.27602216601371765,-0.03891254588961601,0.4060928523540497,0.20770244300365448,-0.05191012844443321,0.3333793580532074,0.4564782977104187,-0.015810193493962288,0.3390926122665405,0.32178136706352234,-0.04729791358113289,0.3394775390625,0.23576144874095917,-0.07333128899335861,0.33919858932495117,0.15679413080215454,-0.09171294420957565,0.29821017384529114,0.4814688265323639,-0.023701049387454987,0.2894679605960846,0.3678755462169647,-0.05796149745583534,0.2975064814090729,0.45746085047721863,-0.060543302446603775,0.30484670400619507,0.5243653655052185,-0.054950933903455734,0.267322301864624,0.5376589298248291,-0.03353150933980942,0.2645995020866394,0.4678090810775757,-0.06321687251329422,0.27840641140937805,0.5221962332725525,-0.06411589682102203,0.28936073184013367,0.5713547468185425,-0.059359751641750336,0.0,0.0,0.0,0.0,0.0,0.0,0.0,0.0,0.0,0.0,0.0,0.0,0.0,0.0,0.0,0.0,0.0,0.0,0.0,0.0,0.0,0.0,0.0,0.0,0.0,0.0,0.0,0.0,0.0,0.0,0.0,0.0,0.0,0.0,0.0,0.0,0.0,0.0,0.0,0.0,0.0,0.0,0.0,0.0,0.0,0.0,0.0,0.0,0.0,0.0,0.0,0.0,0.0,0.0,0.0,0.0,0.0,0.0,0.0,0.0,0.0,0.0,0.0
PEACE,0.6195108294487,0.6971120238304138,3.759598428132449e-07,0.6683679223060608,0.6726230978965759,-0.005032487213611603,0.7030267119407654,0.6244574189186096,-0.011752604506909847,0.7287266850471497,0.5849134922027588,-0.023653216660022736,0.7322952151298523,0.5450057983398438,-0.03367767482995987,0.6871126294136047,0.48268431425094604,-0.005814226344227791,0.7111468315124512,0.3810170590877533,-0.02123052440583706,0.7217054963111877,0.3259826600551605,-0.030262846499681473,0.7288286685943604,0.2747717499732971,-0.037616897374391556,0.6629408597946167,0.4751526415348053,-0.020262395963072777,0.6743568778038025,0.35419154167175293,-0.052650563418865204,0.6822776198387146,0.2777163088321686,-0.07657266408205032,0.685388445854187,0.21798165142536163,-0.09033683687448502,0.6389819383621216,0.49474525451660156,-0.034495700150728226,0.66765296459198,0.431788831949234,-0.0707542896270752,0.6921173930168152,0.4980398118495941,-0.0762285590171814,0.7025890946388245,0.5483854413032532,-0.07044218480587006,0.6201016902923584,0.5346266627311707,-0.04870866984128952,0.6542267799377441,0.4921562969684601,-0.07386898249387741,0.6784208416938782,0.5377373099327087,-0.07370758801698685,0.6862942576408386,0.5785542726516724,-0.06787917017936707,0.0,0.0,0.0,0.0,0.0,0.0,0.0,0.0,0.0,0.0,0.0,0.0,0.0,0.0,0.0,0.0,0.0,0.0,0.0,0.0,0.0,0.0,0.0,0.0,0.0,0.0,0.0,0.0,0.0,0.0,0.0,0.0,0.0,0.0,0.0,0.0,0.0,0.0,0.0,0.0,0.0,0.0,0.0,0.0,0.0,0.0,0.0,0.0,0.0,0.0,0.0,0.0,0.0,0.0,0.0,0.0,0.0,0.0,0.0,0.0,0.0,0.0,0.0
PEACE,0.21810172498226166,0.6453417539596558,5.522047104022931e-07,0.24099572002887726,0.6042593717575073,-0.04107636585831642,0.23761001229286194,0.5359700918197632,-0.054476168006658554,0.2088765949010849,0.4934616684913635,-0.06384393572807312,0.1770344227552414,0.4561643898487091,-0.07094307988882065,0.23215997219085693,0.42671164870262146,-0.017823508009314537,0.2343878149986267,0.3396034836769104,-0.02973305992782116,0.23213081061840057,0.283864825963974,-0.04047156870365143,0.2302308976650238,0.2380986511707306,-0.049306146800518036,0.20600417256355286,0.429095596075058,-0.009951108135282993,0.19587773084640503,0.33666136860847473,-0.024072131142020226,0.18935014307498932,0.2769312858581543,-0.04043929651379585,0.18574924767017365,0.22739583253860474,-0.052587710320949554,0.18265780806541443,0.45211878418922424,-0.007930048741400242,0.15954697132110596,0.3855009377002716,-0.037539854645729065,0.15756596624851227,0.4239153265953064,-0.059059157967567444,0.16094812750816345,0.4627974331378937,-0.06766857951879501,0.16279955208301544,0.4823579490184784,-0.00889558531343937,0.13978812098503113,0.4477347135543823,-0.03903931379318237,0.140077143907547,0.4667116105556488,-0.057758018374443054,0.14471566677093506,0.4879958927631378,-0.06772848218679428,0.0,0.0,0.0,0.0,0.0,0.0,0.0,0.0,0.0,0.0,0.0,0.0,0.0,0.0,0.0,0.0,0.0,0.0,0.0,0.0,0.0,0.0,0.0,0.0,0.0,0.0,0.0,0.0,0.0,0.0,0.0,0.0,0.0,0.0,0.0,0.0,0.0,0.0,0.0,0.0,0.0,0.0,0.0,0.0,0.0,0.0,0.0,0.0,0.0,0.0,0.0,0.0,0.0,0.0,0.0,0.0,0.0,0.0,0.0,0.0,0.0,0.0,0.0
PLEASE,0.0,0.0,0.0,0.0,0.0,0.0,0.0,0.0,0.0,0.0,0.0,0.0,0.0,0.0,0.0,0.0,0.0,0.0,0.0,0.0,0.0,0.0,0.0,0.0,0.0,0.0,0.0,0.0,0.0,0.0,0.0,0.0,0.0,0.0,0.0,0.0,0.0,0.0,0.0,0.0,0.0,0.0,0.0,0.0,0.0,0.0,0.0,0.0,0.0,0.0,0.0,0.0,0.0,0.0,0.0,0.0,0.0,0.0,0.0,0.0,0.0,0.0,0.0,0.5672982335090637,0.6145657300949097,-8.51079384744935e-09,0.5572724342346191,0.5402970910072327,0.0069819302298128605,0.5417850613594055,0.4784908592700958,0.0020623882301151752,0.5289408564567566,0.41644468903541565,-0.004473438486456871,0.5289982557296753,0.3661172389984131,-0.013301062397658825,0.4897773563861847,0.5046950578689575,-0.013376414775848389,0.4373931586742401,0.5023596286773682,-0.0212913379073143,0.40590426325798035,0.5056723952293396,-0.0271583441644907,0.3819099962711334,0.5094440579414368,-0.030717503279447556,0.4817625880241394,0.5443586111068726,-0.016399865970015526,0.4548748731613159,0.5688539147377014,-0.01487400010228157,0.4724809527397156,0.5749497413635254,-0.0055418433621525764,0.49121931195259094,0.5702726244926453,-0.0008034749189391732,0.4830036759376526,0.5924870371818542,-0.01811886765062809,0.4648110568523407,0.6118749976158142,-0.01747112348675728,0.4804980158805847,0.6169075965881348,-0.008426531217992306,0.4971013069152832,0.6114761829376221,-0.003798051970079541,0.48673897981643677,0.6358106732368469,-0.01856810227036476,0.4724855124950409,0.64469975233078,-0.012491405941545963,0.48860010504722595,0.6462711691856384,-0.000964243954513222,0.5034647583961487,0.6411831974983215,0.00623016944155097
PLEASE,0.0,0.0,0.0,0.0,0.0,0.0,0.0,0.0,0.0,0.0,0.0,0.0,0.0,0.0,0.0,0.0,0.0,0.0,0.0,0.0,0.0,0.0,0.0,0.0,0.0,0.0,0.0,0.0,0.0,0.0,0.0,0.0,0.0,0.0,0.0,0.0,0.0,0.0,0.0,0.0,0.0,0.0,0.0,0.0,0.0,0.0,0.0,0.0,0.0,0.0,0.0,0.0,0.0,0.0,0.0,0.0,0.0,0.0,0.0,0.0,0.0,0.0,0.0,0.39343559741973877,0.5592319369316101,-3.6127840719046844e-09,0.39195895195007324,0.48575732111930847,-0.002635643118992448,0.37779301404953003,0.4226791560649872,-0.00798035878688097,0.36795490980148315,0.36346685886383057,-0.013945148326456547,0.37091100215911865,0.3179083466529846,-0.020528949797153473,0.32082685828208923,0.44995155930519104,-0.011165094561874866,0.28354066610336304,0.4468112885951996,-0.016016880050301552,0.25955522060394287,0.4520622193813324,-0.02038750983774662,0.24192595481872559,0.456674724817276,-0.02367001585662365,0.30355867743492126,0.48805180191993713,-0.01103405561298132,0.3122369647026062,0.49281856417655945,-0.012212776578962803,0.32815977931022644,0.4962056279182434,-0.009842494502663612,0.3409022390842438,0.49954715371131897,-0.008789078332483768,0.30129319429397583,0.5309461951255798,-0.01035824604332447,0.31351208686828613,0.5294868350028992,-0.012703480198979378,0.32670891284942627,0.5301616787910461,-0.009984202682971954,0.33747565746307373,0.5315462350845337,-0.008224854245781898,0.3028634488582611,0.5700804591178894,-0.00976528786122799,0.3129247725009918,0.5665692687034607,-0.008963905274868011,0.3248080611228943,0.5643151998519897,-0.004239629954099655,0.3335549831390381,0.562904417514801,-0.0001322583993896842
PLEASE,0.0,0.0,0.0,0.0,0.0,0.0,0.0,0.0,0.0,0.0,0.0,0.0,0.0,0.0,0.0,0.0,0.0,0.0,0.0,0.0,0.0,0.0,0.0,0.0,0.0,0.0,0.0,0.0,0.0,0.0,0.0,0.0,0.0,0.0,0.0,0.0,0.0,0.0,0.0,0.0,0.0,0.0,0.0,0.0,0.0,0.0,0.0,0.0,0.0,0.0,0.0,0.0,0.0,0.0,0.0,0.0,0.0,0.0,0.0,0.0,0.0,0.0,0.0,0.586611270904541,0.46967360377311707,3.734248910092219e-09,0.5684115290641785,0.3855966031551361,-0.00028144981479272246,0.5470867156982422,0.3148925006389618,-0.011946587823331356,0.5354392528533936,0.2435612678527832,-0.024339450523257256,0.5342159271240234,0.18201349675655365,-0.03897124528884888,0.4889533817768097,0.33967483043670654,-0.028125368058681488,0.42212510108947754,0.3322993218898773,-0.04693199694156647,0.37954819202423096,0.33418211340904236,-0.059730011969804764,0.34633204340934753,0.33514001965522766,-0.068387970328331,0.48307883739471436,0.38430163264274597,-0.03266812860965729,0.43280544877052307,0.43069446086883545,-0.043825663626194,0.45428434014320374,0.44766971468925476,-0.037040259689092636,0.4794435501098633,0.4403667449951172,-0.0323261022567749,0.48662903904914856,0.44039350748062134,-0.03660467639565468,0.4472716748714447,0.48435285687446594,-0.04693206027150154,0.4671814739704132,0.49531418085098267,-0.03440408781170845,0.4886530339717865,0.4845699965953827,-0.025387302041053772,0.4945657551288605,0.49268651008605957,-0.04009111970663071,0.46549177169799805,0.5280505418777466,-0.04494907706975937,0.48411381244659424,0.5378674268722534,-0.03328286483883858,0.50276780128479,0.5299716591835022,-0.023880518972873688
PLEASE,0.0,0.0,0.0,0.0,0.0,0.0,0.0,0.0,0.0,0.0,0.0,0.0,0.0,0.0,0.0,0.0,0.0,0.0,0.0,0.0,0.0,0.0,0.0,0.0,0.0,0.0,0.0,0.0,0.0,0.0,0.0,0.0,0.0,0.0,0.0,0.0,0.0,0.0,0.0,0.0,0.0,0.0,0.0,0.0,0.0,0.0,0.0,0.0,0.0,0.0,0.0,0.0,0.0,0.0,0.0,0.0,0.0,0.0,0.0,0.0,0.0,0.0,0.0,0.7811577916145325,0.5934963226318359,2.1246734149826807e-08,0.7666431665420532,0.5456681847572327,-0.0040029254741966724,0.7504240274429321,0.4934093952178955,-0.017803432419896126,0.7455735802650452,0.44723448157310486,-0.030726278200745583,0.7494816184043884,0.4039781093597412,-0.04576387256383896,0.744925856590271,0.5107669830322266,-0.04274337366223335,0.7121248841285706,0.5026611089706421,-0.060044724494218826,0.691536545753479,0.49957525730133057,-0.06825851649045944,0.6748708486557007,0.502778947353363,-0.07375752180814743,0.7474109530448914,0.543830394744873,-0.04896586388349533,0.6982653737068176,0.5633132457733154,-0.06320445239543915,0.7109742164611816,0.5631129145622253,-0.0587456040084362,0.7281424403190613,0.5580540895462036,-0.05593365058302879,0.752662718296051,0.5809237957000732,-0.05400959774851799,0.7081686854362488,0.6017009019851685,-0.0667794719338417,0.7222093343734741,0.596696674823761,-0.05689871683716774,0.7385251522064209,0.5888577103614807,-0.04992584511637688,0.7584467530250549,0.6134728789329529,-0.05877312272787094,0.7242540717124939,0.6281723976135254,-0.0687243640422821,0.7344039082527161,0.6215748190879822,-0.06267468631267548,0.7473170161247253,0.6140888929367065,-0.058011215180158615
PLEASE,0.34443584084510803,0.6359525918960571,-1.4547003956977278e-07,0.3478652238845825,0.5218438506126404,0.017597347497940063,0.36511608958244324,0.42547494173049927,0.013114366680383682,0.37717172503471375,0.33984676003456116,0.004162312485277653,0.36510029435157776,0.2793131172657013,-0.007723073475062847,0.4507174491882324,0.4718208909034729,-0.005606909282505512,0.5141510367393494,0.4544106125831604,-0.005929138511419296,0.5543724298477173,0.44856026768684387,-0.007806027308106422,0.5833238363265991,0.4462656080722809,-0.009660589508712292,0.4730275869369507,0.5225074887275696,-0.013071935623884201,0.48849114775657654,0.5411008596420288,0.00042110096546821296,0.4704289734363556,0.5447903275489807,0.012987424619495869,0.4528880715370178,0.5513940453529358,0.01694873347878456,0.4741971492767334,0.5887172222137451,-0.017145611345767975,0.4870487451553345,0.5882833003997803,-0.005577940493822098,0.4730779230594635,0.5923924446105957,0.005594073329120874,0.45541128516197205,0.5960487723350525,0.008671347983181477,0.47088566422462463,0.6518442034721375,-0.018570315092802048,0.4901530146598816,0.6457881331443787,-0.002271236851811409,0.48002251982688904,0.6442793607711792,0.015520783141255379,0.4644335210323334,0.6427693963050842,0.025938577950000763,0.0,0.0,0.0,0.0,0.0,0.0,0.0,0.0,0.0,0.0,0.0,0.0,0.0,0.0,0.0,0.0,0.0,0.0,0.0,0.0,0.0,0.0,0.0,0.0,0.0,0.0,0.0,0.0,0.0,0.0,0.0,0.0,0.0,0.0,0.0,0.0,0.0,0.0,0.0,0.0,0.0,0.0,0.0,0.0,0.0,0.0,0.0,0.0,0.0,0.0,0.0,0.0,0.0,0.0,0.0,0.0,0.0,0.0,0.0,0.0,0.0,0.0,0.0
PLEASE,0.49548056721687317,0.5915492177009583,-4.246958695830472e-08,0.4962301254272461,0.5037732124328613,0.007940629497170448,0.5090215802192688,0.4395003318786621,0.0037035204004496336,0.5181443095207214,0.37540701031684875,-0.003668492427095771,0.5184308886528015,0.32739847898483276,-0.013207564130425453,0.5696088075637817,0.4791001081466675,0.010716087184846401,0.60664963722229,0.4691963493824005,0.022135701030492783,0.6265445947647095,0.4661000370979309,0.02747265249490738,0.6420446634292603,0.46426862478256226,0.028841089457273483,0.583634078502655,0.5206370949745178,0.00840496551245451,0.5783184766769409,0.512701153755188,0.026378683745861053,0.5640305876731873,0.5119994282722473,0.03384248539805412,0.5547516942024231,0.5204309821128845,0.034707751125097275,0.5814862251281738,0.5650412440299988,0.007699404843151569,0.5723147988319397,0.5447917580604553,0.027354087680578232,0.560117781162262,0.546941339969635,0.03314252942800522,0.5514490604400635,0.5541340708732605,0.030960455536842346,0.575820803642273,0.6023837924003601,0.007423692382872105,0.5716192722320557,0.5865000486373901,0.02587250992655754,0.5610789060592651,0.5855861902236938,0.034893009811639786,0.5510459542274475,0.5928529500961304,0.03804426267743111,0.0,0.0,0.0,0.0,0.0,0.0,0.0,0.0,0.0,0.0,0.0,0.0,0.0,0.0,0.0,0.0,0.0,0.0,0.0,0.0,0.0,0.0,0.0,0.0,0.0,0.0,0.0,0.0,0.0,0.0,0.0,0.0,0.0,0.0,0.0,0.0,0.0,0.0,0.0,0.0,0.0,0.0,0.0,0.0,0.0,0.0,0.0,0.0,0.0,0.0,0.0,0.0,0.0,0.0,0.0,0.0,0.0,0.0,0.0,0.0,0.0,0.0,0.0
PLEASE,0.18236345052719116,0.3967272937297821,-2.3067823207156835e-08,0.1928177922964096,0.32167187333106995,0.01050716545432806,0.2157621681690216,0.2474845051765442,0.0038311900570988655,0.22567947208881378,0.1787160038948059,-0.006238284520804882,0.2200106382369995,0.12792468070983887,-0.01766147091984749,0.2752242088317871,0.2630957067012787,-0.010012402199208736,0.33137425780296326,0.26649415493011475,-0.01757550798356533,0.36451011896133423,0.27049529552459717,-0.021598773077130318,0.3895670771598816,0.275714635848999,-0.024105390533804893,0.28376445174217224,0.3021402060985565,-0.019435014575719833,0.3286431133747101,0.34531286358833313,-0.02327047847211361,0.3079872727394104,0.35657504200935364,-0.015342654660344124,0.2853715419769287,0.3514592945575714,-0.009477690793573856,0.2846027612686157,0.35111555457115173,-0.027187814936041832,0.31905317306518555,0.3846905529499054,-0.02669776976108551,0.3010430634021759,0.3945200741291046,-0.014091579243540764,0.2809491455554962,0.3881881535053253,-0.00697591295465827,0.28251025080680847,0.3997059762477875,-0.03403275087475777,0.3082565665245056,0.4193968176841736,-0.027031872421503067,0.2907065451145172,0.4254118800163269,-0.0131253432482481,0.2735198736190796,0.4174090027809143,-0.004253210965543985,0.0,0.0,0.0,0.0,0.0,0.0,0.0,0.0,0.0,0.0,0.0,0.0,0.0,0.0,0.0,0.0,0.0,0.0,0.0,0.0,0.0,0.0,0.0,0.0,0.0,0.0,0.0,0.0,0.0,0.0,0.0,0.0,0.0,0.0,0.0,0.0,0.0,0.0,0.0,0.0,0.0,0.0,0.0,0.0,0.0,0.0,0.0,0.0,0.0,0.0,0.0,0.0,0.0,0.0,0.0,0.0,0.0,0.0,0.0,0.0,0.0,0.0,0.0
